ParticipantID,SEX,ParticipantAge,MEQ1,MEQ2,MEQ3,MEQ4,MEQ5,MEQ6,MEQ7,MEQ8,MEQ9,MEQ10,MEQ11,MEQ12,SOIR1,SOIR2,SOIR3,SOIR4,SOIR5,SOIR6,SOIR7,SOIR8,SOIR9,MiniK1,MiniK2,MiniK3,MiniK4,MiniK5,MiniK6,MiniK7,MiniK8,MiniK9,MiniK10,MiniK11,MiniK12,MiniK13,MiniK14,MiniK15,MiniK16,MiniK17,MiniK18,MiniK19,MiniK20
61,0,76,5,1,6,4,5,5,5,1,4,5,4,1,1,8,8,8,8,2,6,5,6,4,5,5,5,3,3,2,2,5,4,3,2,4,3,3,4,3,3,3,4
96,0,76,2,2,2,6,2,3,3,2,4,2,4,1,1,6,6,9,1,9,1,1,1,3,3,3,5,5,5,5,5,5,4,5,5,5,5,5,3,3,3,3,3
362,0,71,6,7,6,7,7,6,2,7,6,6,6,7,2,2,2,1,1,9,2,4,8,6,5,6,7,7,7,6,6,6,6,6,6,6,6,7,7,7,6,6,6
45,0,70,3,3,2,6,4,5,5,2,6,3,5,2,1,6,5,4,6,1,2,2,3,3,5,5,7,3,3,1,1,3,2,2,3,1,2,5,4,3,4,2,2
74,0,69,1,1,1,5,1,5,1,1,7,2,7,5,2,3,2,3,3,7,1,1,2,6,6,7,7,7,5,5,3,6,7,7,6,3,3,5,6,6,6,2,1
97,0,67,1,6,1,6,1,1,1,6,6,1,6,6,2,6,7,9,8,1,4,4,4,6,7,7,6,5,3,1,1,6,7,7,6,1,1,1,1,1,1,1,1
60,0,66,2,4,3,6,4,5,3,4,6,2,5,4,2,7,8,7,9,2,9,7,9,5,3,1,5,5,7,7,7,7,6,3,2,3,3,2,3,5,3,2,2
340,0,66,2,4,1,5,1,1,4,4,7,1,7,5,2,1,1,2,1,9,6,2,2,5,6,6,7,6,2,5,3,6,7,7,7,5,3,5,5,3,3,5,5
160,1,65,1,1,1,1,1,1,1,1,7,1,7,1,2,2,2,7,1,9,1,1,1,6,7,7,7,7,7,7,7,7,5,7,7,7,7,7,7,7,7,4,6
48,0,65,5,4,1,5,2,6,4,3,4,4,4,5,4,9,9,9,9,1,3,2,8,7,7,6,7,7,6,6,6,1,6,6,1,1,1,1,2,2,2,1,1
80,0,63,2,4,2,6,2,5,6,6,7,2,7,7,2,4,6,1,1,5,4,5,3,6,2,7,7,6,3,6,4,5,7,7,5,7,4,4,6,6,6,6,6
166,1,62,6,4,4,5,4,2,6,4,6,4,6,6,1,7,7,8,5,6,4,3,2,6,6,6,6,6,7,2,6,7,3,7,6,6,6,6,7,7,7,3,2
343,0,62,2,2,1,5,1,2,2,2,4,2,4,2,2,1,1,3,3,3,8,2,6,2,6,2,5,6,3,2,2,5,7,7,3,3,2,2,3,2,2,2,2
394,0,62,3,1,2,5,1,1,1,1,7,1,7,4,2,1,2,8,3,7,4,2,2,6,7,7,7,7,6,6,5,7,7,7,7,1,1,1,7,7,7,6,1
90,0,61,4,6,1,3,1,4,1,4,5,1,4,3,2,1,1,3,1,9,2,2,2,5,6,3,6,6,6,5,5,5,5,7,7,3,2,2,2,5,3,2,5
62,0,59,2,1,1,5,2,4,5,2,5,5,5,2,2,5,5,7,6,2,4,3,4,6,5,6,5,5,3,6,5,6,5,7,6,5,5,5,5,5,5,4,4
120,0,57,6,7,2,3,5,6,2,7,5,1,7,5,1,6,6,7,8,1,8,3,6,5,6,6,6,7,5,6,2,4,6,3,1,6,5,5,5,5,5,6,6
387,0,57,4,6,4,6,3,3,4,6,6,4,6,6,2,4,4,4,2,6,2,3,3,4,5,6,6,5,5,6,6,6,6,6,6,6,6,6,6,5,6,3,2
370,0,56,5,2,5,5,2,2,3,2,6,2,6,2,1,1,1,1,1,1,7,7,7,6,6,6,6,6,6,6,5,6,5,6,5,5,5,5,4,4,4,3,3
59,0,54,5,1,5,6,5,6,5,1,5,4,5,3,3,8,9,8,8,1,6,2,3,5,6,3,6,7,3,3,5,2,4,5,2,7,7,7,3,2,2,1,1
69,0,53,1,2,1,1,1,1,1,1,4,1,4,1,2,2,2,1,1,9,6,6,6,5,5,5,6,6,5,7,2,7,7,7,7,7,5,5,4,4,4,4,7
346,0,53,5,5,5,4,7,6,2,6,5,2,4,6,2,1,1,9,9,1,9,9,9,5,5,6,6,4,2,6,6,2,5,6,3,4,5,5,4,4,4,4,2
54,0,51,5,7,1,5,1,7,1,7,7,1,7,7,2,2,5,9,9,1,8,6,6,6,7,7,7,7,5,5,5,6,7,7,1,7,6,6,1,5,5,2,1
86,0,51,2,5,2,7,2,3,3,5,6,3,6,5,2,6,6,7,5,5,6,6,6,5,5,5,7,5,4,6,5,7,6,7,5,1,1,1,7,7,7,4,5
334,0,50,5,6,5,5,3,5,5,5,4,5,4,5,2,5,4,5,7,3,7,6,4,3,4,3,2,5,3,4,3,3,6,6,5,5,3,4,4,3,4,5,3
175,1,49,4,7,1,7,1,3,2,4,7,2,7,6,2,5,4,5,3,7,2,5,3,6,6,6,7,7,6,6,6,4,6,7,7,5,3,3,7,7,7,7,1
196,1,49,3,2,3,5,3,2,3,3,5,4,7,5,3,2,5,4,5,6,3,4,2,6,7,7,7,7,6,1,6,6,4,7,7,3,5,6,5,5,5,5,5
102,0,49,6,5,4,5,4,5,4,5,4,5,4,5,2,2,2,5,4,4,4,4,4,5,4,5,4,5,4,5,4,5,4,5,4,5,4,4,5,4,5,4,5
36,0,49,6,5,5,5,5,6,5,5,5,4,6,6,2,8,6,5,4,3,7,7,7,6,6,7,6,7,5,6,5,4,5,6,3,6,5,6,7,5,5,3,2
112,0,49,2,7,1,7,1,6,1,7,4,1,4,2,2,1,1,4,3,5,7,7,7,7,7,6,7,5,3,3,5,7,4,7,2,6,3,3,6,5,5,1,1
375,0,49,1,6,2,7,2,3,5,6,6,4,6,7,2,2,2,1,5,2,2,2,2,6,7,7,7,7,6,7,7,7,7,2,5,7,7,7,7,6,7,7,7
203,1,48,1,1,1,7,1,1,1,1,7,1,7,3,2,2,2,1,9,9,2,2,1,2,6,7,6,6,6,6,5,7,7,7,7,5,6,7,7,7,7,7,7
205,1,48,2,5,1,6,1,2,1,5,6,1,4,4,2,6,6,6,3,6,2,2,2,5,5,5,5,5,6,4,5,4,7,7,5,3,5,6,3,5,6,2,1
206,1,48,1,6,1,5,1,3,4,6,5,2,3,2,2,1,2,5,3,9,1,1,1,3,6,6,7,7,7,7,1,7,6,7,6,7,7,7,5,5,5,3,5
212,1,48,1,3,1,5,1,3,1,2,6,1,6,2,1,6,6,7,4,6,3,2,2,4,5,4,4,5,6,6,6,7,6,1,5,7,7,6,5,5,5,3,1
65,0,48,1,7,1,7,1,5,3,7,4,1,4,5,2,1,1,8,1,9,7,2,4,5,7,5,7,7,6,6,2,4,6,7,7,1,1,1,1,1,1,1,1
100,0,48,1,7,1,7,1,7,4,7,6,1,7,4,2,9,9,5,9,1,7,2,7,5,6,7,6,4,1,7,7,4,7,7,1,7,7,7,5,6,6,1,4
227,1,47,3,1,4,6,5,5,4,1,7,4,7,5,2,5,6,9,9,1,4,4,5,5,5,3,4,7,6,1,1,7,6,6,5,2,1,1,7,7,7,7,2
250,1,47,1,4,4,4,4,1,1,1,1,1,1,4,3,4,3,9,9,9,7,7,7,7,7,7,7,7,7,7,7,7,7,7,7,7,7,7,7,7,7,7,7
252,1,47,2,2,1,3,1,4,3,5,5,1,5,1,2,9,9,8,8,2,2,2,2,6,6,6,6,5,6,5,5,4,7,7,1,5,5,5,3,6,6,1,1
291,1,47,1,1,1,7,1,5,1,1,7,1,4,1,2,7,2,1,1,9,1,1,1,5,6,7,6,7,7,1,2,2,3,7,7,1,1,1,5,5,5,1,3
348,0,47,5,4,3,4,3,2,2,2,5,2,6,2,1,1,1,1,1,9,1,1,1,5,6,6,6,7,4,7,7,7,7,7,6,6,6,7,6,6,6,6,6
339,0,47,5,4,2,4,2,6,2,4,5,2,5,6,1,2,2,7,7,2,8,4,2,3,5,3,5,3,7,5,4,4,4,3,5,7,5,5,6,3,3,2,2
190,1,46,4,2,2,6,2,2,2,2,6,2,3,2,2,2,1,9,2,3,2,2,1,4,5,6,6,5,6,7,7,7,7,7,6,6,5,5,5,5,5,6,6
193,1,46,5,6,1,6,1,2,6,6,7,3,7,4,2,3,1,4,1,9,1,1,1,6,6,7,6,3,2,7,2,7,7,1,7,7,7,7,5,4,4,5,6
64,0,46,4,4,4,4,4,4,4,4,4,4,4,4,2,5,3,5,5,5,5,5,5,4,4,4,4,4,4,4,4,4,4,4,4,4,4,4,4,4,4,4,4
213,1,45,1,1,1,5,1,1,1,2,4,1,4,1,2,2,8,9,7,1,7,2,1,3,6,2,3,7,6,5,7,4,5,7,3,5,5,6,5,7,6,2,1
225,1,45,1,1,1,1,1,1,1,1,1,1,1,1,2,2,2,8,5,4,2,2,3,3,3,5,4,4,4,1,1,4,7,5,4,3,1,1,1,1,2,2,2
243,1,45,1,4,4,6,1,4,4,4,7,4,7,4,2,2,9,8,8,3,2,2,1,6,5,5,5,6,5,3,1,7,7,7,2,7,5,5,5,4,4,5,6
247,1,45,1,4,1,7,1,1,1,5,7,1,7,1,2,2,2,5,1,9,1,1,1,5,6,7,7,6,7,6,5,7,7,7,7,6,6,6,7,7,7,4,4
278,1,45,5,4,3,6,3,1,4,3,5,3,5,4,2,2,4,5,3,5,5,4,3,3,5,5,5,5,3,7,1,7,6,7,4,3,3,3,6,6,6,3,5
46,0,45,1,1,1,1,1,1,1,1,6,1,6,2,2,1,1,1,1,9,1,1,1,6,6,7,6,6,6,4,6,7,7,1,7,4,6,4,4,4,5,4,4
58,0,45,2,6,1,6,1,5,1,7,7,1,7,5,2,6,6,7,3,7,6,5,7,6,5,3,5,6,5,2,1,3,5,7,6,4,3,3,5,5,5,2,1
87,0,45,1,3,1,5,1,4,1,2,7,1,6,1,2,6,8,8,7,2,6,2,2,6,6,7,7,7,5,4,4,4,7,7,5,4,4,4,6,6,7,6,4
326,0,45,1,4,4,5,1,1,1,1,5,1,5,2,2,1,1,1,1,9,2,2,2,5,6,6,7,6,6,6,6,7,6,7,7,6,5,6,6,6,6,5,5
373,0,45,1,7,1,7,1,1,4,7,7,1,7,7,2,3,1,1,1,9,1,1,1,6,6,5,7,7,6,1,7,7,7,7,7,6,5,6,6,6,6,5,6
279,1,44,1,1,1,1,2,1,1,1,4,1,4,1,1,2,1,1,1,8,2,3,1,5,5,6,6,6,4,7,5,4,4,4,4,7,5,7,5,5,5,4,7
140,1,44,1,1,1,6,1,1,1,1,7,1,6,1,1,1,1,1,1,1,1,1,1,5,6,6,6,2,7,7,7,1,6,1,7,5,5,5,7,7,7,5,1
126,1,44,2,2,2,7,2,2,1,2,6,1,6,2,2,2,2,2,1,8,3,2,2,5,6,5,6,6,5,7,5,7,5,1,7,6,5,5,6,7,7,7,6
156,1,44,6,6,2,5,2,5,6,6,7,4,7,6,2,3,3,1,1,8,2,2,2,1,7,6,7,5,3,1,1,7,7,7,7,2,1,1,7,7,7,5,5
289,1,44,6,5,4,5,6,7,6,5,6,1,1,1,2,2,2,1,2,9,6,7,4,5,6,7,7,7,6,7,6,7,7,6,7,7,6,7,4,6,7,6,5
295,1,44,5,2,2,5,2,2,5,2,5,2,5,2,2,3,3,8,5,3,3,2,2,5,4,6,6,5,7,7,3,4,6,6,2,7,6,6,6,6,6,5,4
298,1,44,5,2,2,4,2,3,2,2,6,2,6,2,2,4,4,7,2,7,2,2,2,1,5,1,1,1,6,3,7,5,2,7,7,6,5,7,5,5,6,2,2
299,1,44,1,6,1,5,1,1,1,6,4,1,4,4,1,1,3,9,5,6,3,2,1,5,7,5,6,7,5,1,1,4,3,7,7,5,3,7,3,2,7,1,4
360,0,44,5,4,5,6,4,5,6,4,3,5,6,5,2,1,1,1,1,1,2,2,1,5,4,3,4,5,6,5,4,3,5,5,6,5,4,3,4,5,6,4,3
224,1,43,5,4,4,5,4,4,3,4,5,5,5,4,8,7,8,7,6,6,6,7,6,5,4,3,4,4,4,4,3,4,4,4,3,4,5,4,4,4,3,4,5
135,1,43,3,1,1,6,2,1,4,1,6,3,6,1,2,4,1,1,1,9,6,5,1,5,6,6,6,5,3,4,4,7,2,7,7,6,6,6,5,6,6,2,6
274,1,43,1,1,1,7,7,1,1,1,7,1,7,1,2,1,1,1,1,9,1,1,1,6,7,7,6,6,5,1,1,6,6,7,7,1,1,1,7,7,7,1,1
329,0,43,1,1,1,6,1,1,1,1,6,1,6,5,2,4,5,2,1,9,3,3,2,5,5,6,5,6,6,7,7,7,7,7,6,5,7,7,7,6,6,4,6
358,0,43,1,4,4,7,1,4,1,4,7,2,7,6,2,4,3,9,9,1,8,7,6,4,6,4,4,5,5,6,2,7,7,4,2,2,2,2,3,3,3,3,3
382,0,43,6,3,4,3,5,3,3,5,5,2,4,4,2,3,5,7,5,4,7,7,5,5,6,4,4,4,6,4,3,5,5,3,3,6,4,3,5,5,2,5,5
124,1,42,1,6,1,4,1,1,4,6,4,1,4,6,2,3,3,9,9,5,3,3,3,5,5,6,6,4,5,6,6,6,6,7,4,6,6,6,6,6,6,6,4
147,1,42,3,5,1,7,1,2,2,4,6,2,6,2,5,2,4,9,9,1,4,5,2,5,6,6,5,5,4,4,5,6,6,5,3,6,6,6,7,6,6,5,4
157,1,42,6,1,2,6,3,1,2,1,6,2,4,2,1,3,2,5,1,9,2,1,2,1,6,4,3,5,7,1,7,4,5,7,7,5,3,3,6,3,7,3,1
204,1,42,1,6,1,7,1,1,1,6,5,1,5,6,2,1,1,1,1,9,2,2,2,5,4,7,7,5,7,7,7,4,7,7,7,7,7,7,7,7,7,4,7
273,1,42,7,3,5,6,5,1,1,2,6,1,6,6,2,2,2,1,1,9,1,1,1,7,7,7,7,7,7,7,7,7,7,7,7,7,7,7,7,7,7,7,7
35,0,42,4,1,4,4,4,5,1,1,7,1,7,1,1,1,1,1,1,7,4,2,2,5,5,2,5,7,5,5,6,5,5,5,5,6,5,5,5,4,4,5,4
359,0,42,2,1,3,7,2,4,2,1,7,4,7,1,2,2,1,1,2,9,2,2,1,1,4,6,5,4,7,6,4,6,6,6,6,4,3,3,5,5,6,6,4
396,0,42,4,4,4,5,4,5,4,4,6,4,5,5,2,6,6,7,5,2,4,2,2,5,5,6,6,5,5,6,6,6,6,7,5,6,6,6,6,6,6,5,1
129,1,41,4,4,3,6,2,3,6,4,6,2,6,5,2,1,2,1,1,7,1,2,1,4,6,7,6,7,7,7,7,4,5,7,6,7,7,7,5,5,5,5,7
197,1,41,2,2,2,6,2,2,4,3,6,3,6,3,3,1,6,5,5,5,3,3,3,6,6,7,6,6,3,6,6,4,6,5,5,7,7,7,7,7,7,7,4
178,1,41,2,5,1,6,1,1,2,4,6,2,6,5,2,1,1,8,3,8,1,1,1,2,3,1,7,5,7,6,7,7,6,7,7,6,5,6,5,5,5,3,5
192,1,41,3,4,4,5,3,2,2,4,5,2,6,4,2,2,2,2,2,8,1,1,2,5,5,5,5,6,5,7,7,7,7,7,7,6,6,6,5,5,5,5,5
207,1,41,2,1,5,7,2,5,7,2,5,2,3,1,2,9,9,9,9,1,1,2,1,6,6,2,7,7,3,5,7,4,4,3,1,1,5,5,2,5,5,1,1
260,1,41,1,2,3,3,1,1,1,3,4,1,4,2,2,1,1,1,1,9,1,1,1,3,6,6,6,6,2,6,3,7,2,7,7,7,7,7,7,7,7,5,6
125,1,40,1,6,2,5,2,2,2,6,6,2,6,6,2,1,1,1,1,8,1,1,1,2,2,2,2,2,2,4,4,7,7,7,7,7,4,2,6,2,6,6,6
162,1,40,5,5,1,7,1,7,2,5,7,2,7,2,2,4,2,7,5,2,6,4,2,5,5,2,3,2,6,1,2,7,4,7,2,2,1,1,1,1,5,1,1
284,1,40,2,4,1,4,1,3,1,3,6,1,5,4,2,3,3,3,3,4,2,2,2,6,7,4,6,7,5,7,7,7,7,7,6,7,7,7,6,6,6,6,6
53,0,40,3,1,1,7,1,2,2,1,5,1,5,3,2,3,7,9,9,1,7,5,5,6,6,7,5,7,4,7,7,4,7,7,2,7,7,7,6,3,5,4,4
55,0,40,4,7,1,6,1,2,2,7,7,1,7,4,1,1,1,9,1,9,7,6,3,5,6,4,7,6,6,7,7,4,7,5,7,7,7,7,6,5,6,2,4
393,0,40,1,6,1,6,2,2,1,6,5,1,5,5,2,5,6,1,1,9,2,1,1,7,7,5,6,7,5,7,7,7,7,7,7,7,6,6,5,5,5,2,2
134,1,39,2,5,2,7,2,5,3,5,6,2,4,5,2,3,3,6,4,6,2,2,3,5,6,7,7,6,2,2,1,7,6,2,6,5,5,6,5,6,6,6,5
137,1,39,2,5,3,6,5,6,2,5,3,5,3,5,2,2,5,2,5,3,6,4,6,5,5,7,6,6,4,7,3,7,4,6,6,6,6,6,6,6,6,5,6
171,1,39,2,6,2,6,2,5,2,7,6,2,6,7,2,5,8,1,1,9,5,5,5,3,5,5,6,5,2,2,2,5,5,1,7,5,5,5,5,6,5,3,3
214,1,39,1,7,5,6,1,3,1,7,6,1,6,7,2,4,9,2,1,8,7,5,4,5,5,6,6,6,3,2,1,5,6,7,5,6,6,6,6,6,6,4,7
221,1,39,3,3,2,6,3,2,3,5,2,3,6,2,2,1,1,3,2,8,2,1,2,5,6,4,6,5,4,7,7,7,7,7,6,7,4,3,6,5,6,3,2
240,1,39,1,1,1,1,1,1,1,1,7,1,1,1,2,1,1,1,1,9,1,1,1,7,7,7,7,7,7,7,1,7,7,7,7,7,7,7,7,7,7,7,7
290,1,39,5,2,4,4,4,1,4,4,5,6,5,1,1,1,1,1,1,9,3,1,1,4,5,3,4,5,6,7,7,7,2,7,7,6,6,6,6,6,6,1,1
316,0,39,5,7,2,5,2,1,2,7,5,2,5,6,2,1,1,2,1,9,4,3,2,6,3,7,5,2,6,7,7,6,7,7,7,6,7,7,6,7,7,6,6
331,0,39,1,1,1,6,1,3,1,1,6,1,6,4,2,2,1,1,1,8,2,1,2,5,5,7,3,3,2,7,7,4,4,1,5,7,7,7,7,7,7,5,5
361,0,39,5,5,5,5,5,4,6,6,6,5,4,6,2,3,2,6,5,3,6,3,4,5,5,6,6,5,3,6,4,6,6,6,6,5,6,6,6,6,5,6,2
149,1,38,2,5,1,5,1,1,1,7,4,1,3,6,2,8,7,6,2,7,5,1,2,3,6,2,2,5,6,2,5,7,7,7,6,5,2,7,3,3,2,1,1
210,1,38,1,3,1,7,1,1,1,1,6,1,6,2,2,3,3,4,1,9,1,1,1,3,6,5,6,7,7,1,3,5,7,7,7,2,1,1,5,6,6,6,1
286,1,38,2,5,2,5,2,3,2,5,5,2,5,4,2,2,1,5,2,7,2,2,4,6,5,5,5,5,5,6,6,6,6,6,6,6,6,6,6,5,4,5,5
292,1,38,1,4,4,4,4,4,3,3,3,3,3,4,2,2,2,1,1,1,1,1,1,7,7,6,7,7,5,1,1,7,7,7,7,1,1,1,6,4,4,5,7
297,1,38,1,6,3,3,1,1,1,6,5,1,5,2,2,2,2,3,1,9,2,1,1,3,6,6,6,7,6,7,7,7,7,1,6,6,7,6,6,6,6,6,7
306,0,38,6,6,6,5,5,6,4,5,4,5,5,6,1,1,1,1,1,2,2,2,2,4,5,5,6,4,5,4,5,4,6,6,5,5,5,5,4,6,6,5,4
82,0,38,3,4,2,6,4,4,5,4,4,5,4,3,2,2,2,4,5,5,1,6,2,5,6,4,7,7,7,7,7,7,7,7,7,6,6,7,7,7,7,6,7
83,0,38,3,5,3,5,3,5,5,5,5,5,5,5,2,3,3,6,6,4,2,2,2,5,5,5,3,5,5,6,6,6,6,5,5,5,5,5,6,6,6,5,5
119,0,38,4,2,4,6,3,4,2,2,4,2,5,3,3,5,6,9,5,2,4,4,4,5,6,6,7,6,2,7,2,4,7,7,3,7,6,6,7,6,6,4,4
390,0,38,5,5,6,5,2,3,4,2,6,3,3,1,2,2,1,7,5,1,2,3,3,6,6,2,2,5,2,5,1,1,4,6,6,4,4,3,2,2,2,1,1
191,1,37,1,6,1,6,1,1,1,6,7,1,7,1,2,2,2,3,1,9,1,1,1,5,6,6,7,6,5,7,1,4,7,7,7,7,5,7,4,4,6,4,7
246,1,37,1,4,1,5,1,3,1,5,4,1,6,3,2,1,2,9,5,8,4,3,4,5,5,5,5,6,7,2,4,6,5,7,5,7,6,6,2,2,2,2,2
67,0,37,6,6,7,5,6,7,6,6,7,3,6,7,5,7,7,3,8,6, ,5,6,6,5,5,6,7,5,6,6,3,5,5,6,6,4,3,6,7,7,5,6
356,0,37,5,6,5,4,6,5,4,5,6,5,6,4,2,2,3,1,4,3,7,4,5,6,7,6,5,6,7,6,5,6,7,6,7,6,5,6,7,6,5,5,6
337,0,37,6,4,5,5,5,7,5,3,6,6,5,7,2,1,1,7,9,8,6,9,5,5,3,7,7,7,7,1,1,5,4,5,6,3,6,7,4,3,5,7,7
152,1,36,2,5,5,6,6,2,2,6,6,6,6,6,2,2,1,1,1,8,1,1,1,6,6,6,6,6,6,6,6,6,7,7,7,7,7,7,7,7,7,7,7
153,1,36,1,5,1,5,1,1,1,5,4,1,4,4,2,1,1,1,1,9,2,2,2,3,5,5,5,5,6,5,6,7,7,7,7,6,5,5,5,5,4,4,6
253,1,36,2,2,4,6,4,5,2,2,3,2,5,5,2,2,2,2,2,8,4,4,4,6,6,6,6,6,6,6,6,6,6,6,6,6,6,6,6,6,6,6,6
259,1,36,1,1,1,6,1,1,1,4,7,2,6,1,2,1,1,2,1,8,1,1,1,6,7,5,7,7,5,5,7,7,7,7,7,6,6,6,7,7,7,4,7
293,1,36,2,5,2,5,4,3,5,5,3,5,3,5,1,4,2,8,2,4,4,2,4,6,6,5,5,7,7,7,2,4,4,7,7,7,7,7,6,6,6,3,2
49,0,36,7,6,1,1,1,5,3,6,6,7,6,7,2,2,3,6,6,3,4,3,4,5,4,3,3,2,2,7,7,6,6,6,6,5,6,5,6,5,5,6,2
115,0,36,7,6,7,6,6,5,7,4,7,5,7,4,1,5,5,4,5,2,2,2,4,5,6,3,6,4,6,4,7,6,5,6,5,5,6,4,5,4,6,4,5
66,0,36,1,5,1,4,1,2,1,5,4,1,3,3,1,2,2,6,4,5,7,6,3,3,5,3,4,6,6,6,5,4,4,7,5,7,7,6,6,6,6,3,4
84,0,36,1,1,1,7,1,1,1,1,7,1,7,1,2,1,1,7,7,1,5,1,5,7,7,7,7,7,4,7,1,7,7,7,4,1,1,1,6,6,6,6,1
89,0,36,1,5,1,6,1,1,4,5,7,1,7,5,4,7,9,9,9,1,3,3,1,6,7,7,7,7,1,7,7,1,7,6,1,7,7,7,7,7,7,5,1
107,0,36,1,1,1,1,1,1,1,1,1,1,1,1,2,1,2,7,2,7,2,3,2,4,3,3,5,4,4,4,4,4,6,7,6,6,7,6,6,5,6,1,1
114,0,36,5,3,3,6,6,6,5,5,5,5,5,6,2,6,6,9,9,1,8,7,7,5,6,6,5,4,3,3,2,2,5,2,1,2,4,3,4,3,4,1,1
398,0,36,1,1,1,4,1,1,1,1,6,1,5,3,2,1,1,7,8,2,7,6,7,5,6,5,6,7,6,6,5,7,7,7,2,6,5,5,6,6,6,3,2
159,1,35,2,4,2,6,2,2,2,4,4,2,4,4,2,4,3,9,8,1,7,7,7,6,6,5,7,4,7,2,4,2,2,3,2,4,3,6,2,2,6,2,2
201,1,35,2,4,5,4,5,3,2,4,6,2,5,2,2,6,8,8,8,2,6,6,4,6,6,4,6,6,4,7,5,7,6,7,3,5,5,5,5,5,5,3,1
276,1,35,1,1,1,1,1,5,1,1,1,1,1,1,2,2,2,9,9,9,1,1,1,7,7,7,7,7,7,7,7,7,7,7,7,7,7,7,7,7,7,7,7
283,1,35,6,1,1,7,1,1,5,1,7,1,7,2,2,1,1,1,1,9,1,1,1,5,7,5,6,7,2,7,5,4,7,7,7,7,7,7,6,6,6,5,7
287,1,35,4,5,1,5,1,3,1,5,7,1,6,5,2,1,1,3,1,9,1,1,5,6,6,6,6,7,6,7,7,7,7,7,7,7,7,7,7,7,7,5,1
319,0,35,2,1,2,6,2,7,7,4,1,6,2,1,7,1,2,3,5,4,3,6,1,2,5,2,5,3,6,3,6,2,7,3,6,7,3,4,3,6,2,3,2
30,0,35,1,4,1,6,1,1,1,4,4,1,1,4,1,4,1,9,9,1,9,7,9,4,6,5,4,5,6,6,4,4,6,4,2,5,6,6,6,6,6,6,4
29,0,35,1,1,1,7,1,7,1,1,7,1,7,1,2,1,1,9,9,1,2,2,1,7,7,7,7,7,7,7,7,4,7,7,1,7,7,7,5,5,5,3,1
63,0,35,1,5,1,5,1,6,2,5,5,2,5,2,2,3,5,8,8,2,4,2,2,5,5,5,7,4,4,7,4,7,7,6,3,6,5,5,5,5,5,3,1
73,0,35,2,7,1,6,7,5,2,7,5,1,6,7,2,2,3,1,2,5,5,3,2,5,4,5,5,5,5,6,6,6,6,7,2,4,4,4,5,4,4,4,6
309,0,35,3,4,4,6,3,2,4,4,5,1,4,3,2,1,1,8,1,8,2,4,5,4,5,3,5,6,5,3,5,3,6,4,2,5,6,3,5,4,4,5,6
399,0,35,1,5,6,5,4,6,3,5,6,3,5,3,3,5,7,9,9,1,9,9,9,6,6,6,6,5,5,6,1,7,7,3,1,3,3,3,6,6,6,2,4
198,1,34,4,7,4,7,6,6,5,6,7,6,5,6,4,8,8,8,8,2,6,3,5,6,7,4,7,7,7,7,5,4,6,7,3,6,6,6,7,7,7,7,4
230,1,34,2,5,2,3,2,1,1,1,6,1,6,1,2,1,1,1,1,8,1,1,1,6,6,6,6,6,6,1,2,4,6,6,6,5,5,5,5,5,5,5,7
233,1,34,1,7,1,7,1,4,1,7,7,1,7,5,2,2,1,6,1,3,2,2,1,5,7,5,7,7,6,2,7,4,7,7,6,7,7,7,7,7,7,5,6
264,1,34,6,3,6,6,6,6,6,4,6,6,6,6,2,2,2,9,2,2,8,8,8,6,7,6,7,6,5,6,7,7,7,7,7,7,6,7,7,7,7,7,7
267,1,34,1,6,3,7,3,5,2,7,7,3,7,5,2,1,1,4,2,5,1,1,1,5,6,6,6,5,7,1,5,7,7,7,6,5,1,5,5,1,5,5,6
282,1,34,1,7,1,5,1,2,1,7,6,1,5,7,2,2,2,9,9,1,7,2,1,5,5,3,5,7,7,3,7,4,7,7,1,7,5,6,3,3,2,1,1
296,1,34,1,4,1,7,1,6,1,4,6,1,7,4,2,2,2,4,3,3,1,1,1,7,6,7,7,7,7,5,1,7,7,7,6,7,7,7,7,7,7,5,7
92,0,34,4,7,1,7,1,1,1,7,7,1,7,4,3,6,8,9,9,1,7,5,7,2,6,6,6,6,6,2,3,4,7,2,1,4,4,3,6,6,6,2,1
332,0,34,3,5,3,6,3,3,3,4,5,3,4,3,2,1,2,7,8,2,9,7,9,6,6,6,7,7,5,6,6,6,6,4,5,6,6,6,7,6,6,5,2
32,0,34,7,7,2,4,6,7,7,7,4,3,4,4,5,9,9,9,9,1,8,8,8,4,5,2,7,7,6,2,2,4,4,1,1,1,1,1,1,1,1,1,1
37,0,34,7,7,4,7,4,7,6,7,7,4,5,6,2,8,5,9,9,1,8,6,7,6,6,5,6,7,3,7,7,4,7,3,1,7,7,6,7,6,6,3,5
56,0,34,2,2,3,5,4,4,1,2,6,1,4,6,2,6,6,3,2,4, , , ,5,5,4,3,5,5,5,1,4,6,4,4,7,6,5,6,5,5,5,7
78,0,34,3,6,2,3,3,3,2,5,4,2,4,2,1,1,1,8,8,2,4,4,2,5,5,3,5,6,5,6,4,4,4,4,2,3,2,2,3,2,2,1,1
312,0,34,1,7,1,6,1,2,1,7,7,1,7,5,1,1,1,9,6,7,5,4,2,7,7,7,7,5,4,6,4,7,7,7,5,4,5,5,5,4,4,3,3
336,0,34,6,4,5,4,3,5,6,4,5,4,5,4,2,2,1,8,7,7,7,5,6,5,3,3,5,5,4,5,4,3,5,4,5,4,5,5,4,2,5,4,5
353,0,34,1,6,1,5,4,5,3,6,6,3,7,5,2,3,2,7,7,2,2,2,2,5,6,3,6,5,3,6,6,7,7,5,2,5,5,5,4,3,6,3,2
366,0,34,2,7,5,4,5,2,4,7,7,1,7,6,2,6,6,7,6,1,7,6,7,4,3,6,7,7,5,7,7,4,6,4,1,3,2,2,1,2,2,2,3
133,1,33,3,5,2,5,3,3,2,5,4,2,4,5,2,3,3,2,1,8,2,2,1,4,5,5,6,6,4,3,4,6,6,7,5,6,5,6,6,6,6,6,6
150,1,33,5,2,2,3,2,1,5,2,6,2,6,1,2,1,2,6,1,6,2,1,1,5,6,1,5,4,3,1,6,4,5,7,6,7,6,7,2,2,3,2,2
151,1,33,1,7,4,7,1,1,1,7,7,1,7,7,2,6,7,7,7,2,5,1,3,4,7,7,7,7,7,7,4,6,7,7,3,7,7,7,4,4,4,1,5
155,1,33,6,4,5,7,5,3,5,5,7,3,7,3,2,4,2,6,1,8,1,1,1,6,7,2,5,5,4,2,6,4,6,7,7,6,3,6,2,5,2,1,3
179,1,33,2,7,1,6,1,6,1,7,6,1,7,3,2,3,7,7,3,6,5,2,2,3,3,2,3,7,5,2,2,7,7,7,5,7,7,7,6,6,6,3,1
228,1,33,2,1,5,7,4,1,3,2,3,6,4,5,2,1,4,3,1,8,2,2,3,6,7,6,7,7,5,6,7,5,6,7,7,6,6,6,5,6,5,6,6
248,1,33,7,7,1,7,1,3,1,7,7,1,7,5,2,3,4,8,9,1,3,2,1,5,7,7,7,7,5,5,5,6,7,7,3,6,5,5,5,5,5,3,3
261,1,33,3,6,1,6,1,3,2,6,7,1,7,6,2,3,3,3,5,6,3,3,5,6,6,6,7,7,5,7,4,7,7,7,6,7,7,6,6,6,6,5,5
265,1,33,3,5,3,4,3,3,3,4,5,3,4,3,2,2,1,5,9,5,4,2,2,6,6,4,4,5,3,5,5,1,5,7,7,7,7,7,7,7,7,3,1
304,1,33,4,4,4,4,4,4,4,4,4,4,4,4,2,2,2,2,2,8,7,3,3,6,6,5,5,5,5,4,4,6,1,7,7,6,2,5,5,5,5,5,5
313,0,33,1,4,4,5,4,4,2,4,5,5,5,6,6,5,4,6,5,5,5,5,7,4,3,2,4,5,5,4,3,4,5,4,3,4,3,4,4,4,4,4,4
28,0,33,6,7,5,6,5,6,5,7,6,4,6,7,3,2,2,9,7,8,6,8,7,5,6,7,6,6,1,6,7,6,6,6,5,6,6,7,6,6,5,7,6
352,0,33,6,7,5,4,6,7,4,7,4,6,7,5,3,7,5,9,7,6,4,5,8,6,4,7,6,7,6,7,5,6,5,7,5,7,5,7,5,6,7,4,6
41,0,33,2,5,6,7,2,2,7,6,6,2,1,6,2,2,1,5,3,1,7,6,1,6,6,6,2,6,6,1,1,1,7,2,7,1,6,6,6,6,6,6,6
81,0,33,4,3,2,2,4,4,2,1,4,5,5,3,2,1,1,8,6,3,4,5,7,4,3,2,4,6,5,4,3,2,4,4,3,5,4,3,1,3,4,5,3
101,0,33,1,1,1,7,1,1,3,1,5,3,6,3,2,9,8,4,1,8,1,1,1,6,7,4,7,4,1,7,7,7,7,7,5,3,6,4, ,5,5,7,6
103,0,33,1,2,1,5,1,2,1,4,6,1,5,5,2,2,4,8,8,4,7,6,3,5,5,5,6,6,6,7,7,4,7,7,5,3,6,6,5,6,6,2,4
323,0,33,2,7,1,5,1,4,2,7,6,2,6,5,2,1,1,8,7,2,8,3,4,4,6,2,6,7,5,1,6,4,4,4,6,5,5,5,6,3,3,2,1
395,0,33,3,2,2,7,2,6,6, ,6,5,7,2,3,2,2,3,2,6,2,2,7,5,6,5,6,5,6,2,2,2,7,3,6,5,5,6,5,6,5,6,6
400,0,33,5,5,5,7,7,6,7,5,7,5,7,5,2,6,4,5,1,7,5,5,4,7,7,7,7,7,1,7,7,7,7,7,5,6,2,2,7,5,5,5,6
144,1,32,1,7,1,7,1,1,7,7,7,7,7,7,2,3,4,3,1,9,1,1,1,5,7,7,7,7,1,1,7,4,7,7,7,7,7,7,7,7,7,5,6
168,1,32,2,5,6,5,5,1,1,5,5,5,6,6,2,2,1,1,1,8,1,1,1,7,7,7,7,7,7,7,7,7,7,1,7,7,7,7,7,7,7,7,7
187,1,32,4,4,4,3,2,3,4,4,4,3,3,3,2,2,2,6,6,6,7,6,1,4,5,6,5,5,5,5,4,4,4,3,5,4,6,4,5,5,4,4,4
211,1,32,1,5,1,4,1,1,1,5,5,1,5,5,2,1,1,1,1,9,1,1,1,5,6,6,6,6,6,6,6,6,6,7,7,7,7,7,6,6,6,5,5
216,1,32,2,6,2,6,2,6,2,6,6,2,6,2,2,1,1,9,1,1,2,2,2,6,6,6,2,6,6,6,2,4,7,7,1,6,6,6,1,1,1,1,4
226,1,32,1,6,1,4,1,6,1,6,7,1,6,6,2,5,5,9,5,1,6,3,5,5,5,5,3,5,5,2,5,7,6,7,3,3,3,4,5,3,3,5,4
258,1,32,1,1,1,3,1,1,2,1,7,1,6,1,2,3,2,2,1,7,1,2,1,6,6,7,7,7,6,7,7,7,7,7,6,7,7,7,3,3,3,2,6
271,1,32,1,2,1,6,1,5,1,2,7,1,7,2,2,3,4,7,6,5,2,2,1,6,6,5,7,6,7,6,6,4,7,7,6,5,5,5,3,3,3,2,1
281,1,32,5,3,3,5,3,4,4,4,3,2,5,4,2,1,1,5,2,7,2,1,1,3,6,4,5,7,4,3,5,5,3,6,5,5,4,4,7,7,7,5,4
34,0,32,1,2,2,6,2,2,2,3,5,2,7,2,2,2,1,1,1,9,2,2,1,5,5,5,3,3,5,6,5,7,7,6,7,7,7,7,7,6,6,5,7
42,0,32,6,7,4,7,5,5,6,7,6,4,6,4,8,7,8,9,9,1,8,8,8,7,7,7,7,7,3,7,7,7,7,3,1,7,7,7,7,7,7,4,1
47,0,32,1,7,5,5,2,6,5,5,4,2,5,6,2,1,1,2,6,5,9,9,9,5,6,6,6,5,5,7,6,7,7,7,7,6,5,4,6,4,5,4,5
52,0,32,5,5,3,6,4,2,4,6,6,4,6,4,2,3,1,6,3,7,6,5,5,6,6,4,6,6,5,6,6,4,7,6,5,6,6,6,5,5,5,4,1
94,0,32,2,2,1,3,2,2,1,2,2,1,1,3,2,4,3,5,7,5,3,2,2,5,4,4,6,6,4,6,5,4,5,5,4,4,5,3,3,4,6,5,1
99,0,32,2,6,4,6,4,2,2,6,6,6,7,6,2,2,2,3,4,5,4,4,3,7,7,6,7,7,6,7,7,4,6,7,6,2,6,6,1,6,6,5,5
322,0,32,1,7,4,7,4,7,4,7,7,1,7,3,2,5,5,9,9,1,8,8,8,1,7,7,1,7,7,7,1,1,7,1,1,7,7,7,7,7,7,1,1
324,0,32,2,6,1,5,1,5,3,7,5,3,4,7,2,1,2,9,9,1,7,4,3,5,5,6,5,6,7,2,7,7,6,5,1,5,5,5,5,5,5,3,1
347,0,32,4,4,5,3,5,4,5,5,4,5,2,5,2,2,2,7,3,5,4,5,3,4,5,3,5,4,5,4,5,3,4,4,3,3,4,4,3,3,6,4,4
349,0,32,4,5,5,5,4,4,5,6,6,5,5,5,2,2,2,6,3,3,2,2,3,5,6,5,6,6,6,5,4,4,5,5,5,7,7,7,6,6,6,5,5
365,0,32,2,1,2,7,2,2,1,1,7,1,7,5,2,2,1,3,3,7,5,4,5,5,6,6,6,6,3,5,5,7,7,1,1,5,5,6,6,6,6,5,6
368,0,32,5,6,5,5,5,5,6,5,6,5,5,6,2,2,2,3,9,9,7,8,7,6,7,6,6,6,7,6,7,6,7,6,7,6,6,6,7,6,6,7,6
391,0,32,1,2,1,7,1,1,2,6,6,5,6,6,1,1,1,1,8,9,7,2,2,5,6,5,6,4,3,7,5,4,1,7,7,6,6,7,2,4,2,2,6
200,1,31,6,5,7,6,5,6,5,7,6,7,7,5,8,7,8,8,8,9,8,7,9,6,6,6,4,7,6,6,5,7,6,6,6,7,5,7,6,6,5,5,6
257,1,31,4,5,4,3,3,5,4,5,4,3,2,4,5,4,3,1,2,2,4,3,6,5,4,3,5,6,5,4,5,4,3,5,6,5,4,3,6,5,5,6,4
163,1,31,3,5,1,3,1,1,1,5,5,1,4,5,2,1,1,7,1,9,4,3,2,6,7,3,5,7,7,7,7,7,6,7,7,7,7,7,3,3,3,1,1
185,1,31,1,4,2,3,1,1,1,4,6,1,5,4,2,2,1,2,1,7,5,2,2,5,6,5,4,6,6,5,6,5,4,4,7,6,5,5,6,5,5,5,5
209,1,31,1,6,4,6,5,1,1,7,6,1,6,7,2,3,4,8,1,3,1,1,1,7,6,6,6,4,5,1,1,6,7,7,7,1,1,5,2,2,2,2,2
245,1,31,2,2,4,2,6,3,6,4,3,2,5,6,2,1,1,7,6,3,5,5,5,2,5,2,5,6,6,4,6,2,7,2,4,2,5,4,2,2,3,5,1
305,1,31,2,2,2,4,1,1,2,2,6,1,6,5,2,2,2,3,2,8,4,2,4,5,6,4,5,6,5,6,5,6,5,2,4,5,5,6,5,5,6,4,5
40,0,31,5,4,4,5,5,3,2,1,1,2,1,2,6,6,7,7,4,5,2,3,4,5,4,5,5,4,5,5,6,6,6,5,6,5,5,6,5,5,4,5,5
93,0,31,1,2,1,6,1,1,1,1,7,1,7,4,2,2,2,1,1,9,1,1,1,1,1,1,1,1,1,1,1,1,1,1,1,1,1,1,1,1,1,1,1
328,0,31,5,3,4,3,4,6,5,4,3,5,6,5,2,1,1,1,7,5,6,6,7,5,6,5,3,4,2,5,5,4,6,5,6,4,3,4,5,6,4,5,6
380,0,31,1,7,1,6,1,1,1,6,7,1,6,5,2,2,1,6,2,2,4,1,5,7,7,7,7,7,7,5,1,7,7,7,2,6,5,6,6,6,6,6,4
381,0,31,1,7,1,7,1,2,1,7,6,1,6,7,2,1,1,9,9,1,8,2,3,6,7,7,6,2,2,7,5,4,7,6,2,6,5,5,6,5,5,2,4
184,1,30,1,5,1,4,1,2,2,6,2,2,4,2,2,6,6,6,4,5,5,5,1,5,6,2,6,6,6,7,2,7,6,7,7,7,6,6,5,4,4,2,6
229,1,30,1,7,1,4,1,3,2,6,5,1,3,3,3,2,1,6,1,5,7,2,1,6,6,5,5,6,5,6,1,7,6,7,4,6,6,6,5,5,5,3,3
244,1,30,1,2,1,1,1,1,1,1,3,1,1,1,2,1,1,1,1,9,1,1,1,5,4,2,5,6,4,6,6,5,4,7,4,5,4,4,4,4,4,2,4
270,1,30,4,6,6,6,5,5,4,6,6,6,6,6,2,3,3,5,5,5,4,5,6,6,5,5,4,4,3,6,6,5,4,6,6,6,6,5,5,5,5,5,2
280,1,30,2,4,5,5,5,2,5,4,4,6,5,5,2,3,5,8,8,4,5,5,4,6,5,5,6,5,6,6,6,6,6,6,5,6,6,6,5,5,6,6,6
344,0,30,5,3,5,5,3,3,4,5,4,3,3,5,6,5,4,4,5,6,7,5,4,6,5,4,3,4,5,5,4,3,4,5,4,3,4,5,4,3,4,5,4
351,0,30,5,4,4,5,5,3,5,6,6,5,5,5,4,4,2,2,4,4,4,6,8,6,6,7,7,6,5,5,5,7,6,6,7,7,7,6,6,7,7,7,6
21,0,30,4,4,4,6,4,4,4,4,5,4,6,5,2,7,7,5,5,5,5,6,4,5,5,5,6,6,6,6,4,6,6,6,6,6,6,6,6,6,6,5,4
22,0,30,7,5,2,7,2,2,2,6,5,3,6,6,2,2,2,1,2,8,1,1,1,6,6,6,7,7,5,6,7,6,7,2,5,7,7,7,7,7,7,6,6
23,0,30,1,2,1,5,1,1,1,2,6,1,5,6,1,2,1,8,1,6,7,5,4,5,7,5,2,5,6,2,2,4,5,6,7,6,3,1,5,7,5,1,1
24,0,30,1,1,1,1,1,6,6,6,6,6,7,5,1,1,2,3,8,7,2,3,2,4,5,4,4,4,4,5,4,4,4,7,7,5,4,4,4,5,5,4,5
75,0,30,1,1,1,5,1,1,1,1,6,1,7,1,2,4,7,6,1,6,5,3,6,7,7,6,7,6,3,5,3,7,7,7,6,6,4,4,2,3,2,1,1
76,0,30,2,6,2,6,2,6,5,6,7,4,6,6,2,5,6,9,9,1,8,7,6,6,6,7,7,7,2,7,7,4,7,5,1,7,7,7,7,7,7,6,5
116,0,30,6,4,6,7,6,5,6,5,5,3,4,6,3,3,3,8,8,9,6,5,6,6,7,7,7,6,5,6,6,5,7,5,6,7,6,6,5,7,7,5,5
118,0,30,5,6,5,6,5,5,6,5,6,5,6,5,2,3,2,7,6,7,6,7,7,6,7,6,7,7,6,7,6,7,6,6,7,6,7,6,7,6,7,6,7
307,0,30,1,2,1,5,1,1,1,2,6,1,5,6,1,2,1,8,1,6,7,5,4,5,7,5,2,5,6,2,2,4,5,6,7,6,3,1,5,7,5,1,1
308,0,30,7,5,2,7,2,2,2,6,5,3,6,6,2,2,2,1,2,8,1,1,1,6,6,6,7,7,5,6,7,6,7,2,5,7,7,7,7,7,7,6,6
321,0,30,3,2,1,2,2,5,5,5,6,6,5,5,3,2,2,7,8,4,7,6,6,6,5,7,2,7,3,5,6,6,6,5,6,6,6,6,6,5,6,5,5
335,0,30,1,6,4,5,1,1,1,6,6,1,6,2,2,2,1,1,1,9,2,2,2,5,5,5,6,6,5,6,6,4,7,7,7,6,6,6,6,6,6,6,6
371,0,30,4,4,3,4,4,1,3,1,3,4,1,1,1,1,1,7,5,6,4,4,4,3,4,5,4,5,4,1,1,1,1,1,1,1,3,1,3,4,4,5,4
392,0,30,2,4,1,5,2,5,4,3,4,2,4,4,2,4,5,4,5,4,7,7,6,4,5,6,5,6,5,7,6,4,5,4,4,5,5,5,4,5,4,4,2
161,1,29,6,6,5,6,6,6,5,7,6,5,6,7,7,5,6,6,7,9,7,6,7,6,5,7,6,5,6,7,7,5,6,6,5,7,6,5,6,7,6,5,6
272,1,29,3,6,5,5,5,2,4,3,3,5,5,6,2,2,3,3,4,5,4,6,5,5,6,6,6,5,5,4,5,6,5,5,6,6,5,6,6,7,6,5,5
275,1,29,6,3,5,6,4,3,6,7,6,5,3,5,6,9,7,6,8,4,7,9,5,6,7,4,3,4,5,5,4,3,5,6,5,2,5,7,5,5,3,5,6
145,1,29,6,3,5,3,4,5,1,5,2,3,3,4,2,1,1,3,2,2,5,4,3,6,6,6,6,7,7,6,3,5,4,7,5,6,5,4,6,5,5,3,6
131,1,29,1,1,1,7,1,2,4,1,7,2,7,1,2,4,2,9,5,2,9,5,3,2,6,1,2,2,4,5,1,1,1,7,1,4,2,4,5,2,7,3,1
154,1,29,7,1,6,6,6,7,7,6,7,7,7,7,2,2,2,9,8,9,9,2,9,7,6,6,2,2,7,7,7,2,7,7,7,7,6,6,7,7,6,6,7
167,1,29,1,2,7,1,7,2,1,1,7,1,7,1,2,1,1,1,1,9,2,2,2,6,6,7,6,7,6,7,7,7,7,7,7,7,7,7,7,7,7,7,7
189,1,29,2,1,1,5,1,1,1,1,5,1,5,2,2,2,1,9,2,8,2,2,2,5,5,5,6,6,5,6,3,6,6,7,5,7,7,7,3,3,5,2,1
235,1,29,2,6,5,5,2,5,5,6,6,5,6,5,2,3,5,7,7,5,2,2,2,5,6,5,5,6,5,3,5,4,6,7,5,5,5,5,3,3,3,2,2
242,1,29,2,4,1,4,1,1,1,4,4,1,4,5,3,1,2,9,5,2,8,3,1,4,5,6,5,3,5,5,5,4,6,5,7,7,6,5,6,5,5,4,4
255,1,29,1,3,1,7,1,5,1,4,7,1,7,1,2,1,2,9,7,1,2,1,2,7,7,7,7,7,7,5,3,7,7,7,5,7,7,7,7,7,7,5,1
44,0,29,7,5,3,6,3,5,4,6,4,6,4,6,5,3,4,4,5,4,5,7,5,6,6,5,7,4,6,6,5,7,5,5,6,6,5,7,6,5,6,7,6
72,0,29,6,7,5,6,7,5,6,7,5,6,5,6,7,8,7,8,7,8,8,9,7,6,5,6,4,5,4,5,6,5,7,5,6,5,6,7,6,5,6,6,7
106,0,29,6,6,6,7,5,3,3,4,5,5,5,4,6,2,2,1,3,7,5,6,7,4,5,5,3,4,4,5,5,6,6,5,6,5,5,4,4,6,7,5,5
311,0,29,5,4,4,5,4,6,5,4,4,3,4,4,4,7,6,7,7,6,7,8,6,6,7,5,6,5,5,4,6,6,5,6,5,4,4,6,5,3,5,6,4
384,0,29,6,5,4,7,6,4,6,5,3,5,5,3,4,2,3,8,6,6,6,8, ,6,5,4,7,6,6,4,6,5,7,6,4,5,2,6,5,5,7,6,6
110,0,29,6,4,3,6,7,6,4,7,6,4,7,5,1,1,1,5,3,2,4,2,4,6,5,7,4,6,1,4,6,4,7,6,4,7,6,4,3,6,5,4,6
315,0,29,1,3,5,3,5,3,7,5,3,5,4,6,3,7,5,6,8,4,4,8,6,2,6,3,6,5,7,5,7,3,5,3,6,4,5,7,6,3,4,6,5
317,0,29,5,5,4,5,3,4,5,5,6,3,5,5,7,6,4,6,7,6,6,7,3,5,6,7,5,5,3,7,5,6,6,5,6,4,5,4,5,6,5,4,5
333,0,29,5,4,5,4,3,4,5,4,3,4,5,4,3,2,4,5,4,5,4,5,4,6,5,3,4,5,6,5,3,4,5,5,4,3,5,5,4,3,4,5,4
26,0,29,6,6,6,6,2,7,4,7,7,1,7,6,3,2,2,1,5,7,4,3,2,7,7,1,7,7,5,6,6,7,7,6,6,7,7,7,7,7,7,7,7
43,0,29,7,1,1,4,1,1,1,5,7,1,7,7,2,2,1,1,1,5,5,7,7,6,7,6,7,6,1,7,7,7,7,1,7,5,5,6,7,7,7,6,6
342,0,29,1,6,1,7,1,6,6,6,7,6,7,7,2,2,4,9,4,2,5,2,2,7,7,7,7,7,2,2,1,4,6,7,3,7,7,7,7,6,6,5,2
364,0,29,5,2,5,3,4,3,3,6,5,3,5,4,2,5,5,6,5,7,6,5,5,5,5,6,4,5,5,3,2,5,5,5,6,6,4,5,5,3,4,6,5
374,0,29,2,5,6,6,1,4,1,5,7,1,6,2,1,1,2,2,2,7,2,2,2,6,7,7,7,6,3,7,2,4,4,7,6,5,5,5,6,6,6,2,2
378,0,29,1,6,1,6,1,5,4,6,6,1,6,6,2,1,2,8,8,2,8,1,3,5,6,5,6,6,2,7,3,4,7,7,2,7,7,7,4,2,3,2,1
389,0,29,1,7,1,7,1,1,1,7,7,1,7,7,2,2,2,7,1,9,1,1,1,7,7,7,7,7,5,6,7,4,7,7,7,7,7,7,7,7,7,4,4
217,1,28,7,6,6,7,6,7,6,5,6,5,6,6,8,6,7,8,5,8,8,6,7,7,6,7,6,7,7,6,6,6,7,7,6,7,6,6,7,7,6,6,7
288,1,28,1,3,1,7,1,2,1,2,3,1,3,1,2,4,4,8,2,8,2,3,2,5,6,3,6,3,7,1,7,6,3,1,7,3,2,2,1,1,1,1,1
136,1,28,1,5,1,4,1,1,1,4,5,1,6,4,2,1,1,5,1,9,2,1,1,6,6,7,6,7,2,7,6,7,7,7,7,5,5,4,6,5,6,3,3
237,1,28,1,5,3,4,2,2,2,6,7,2,6,5,2,1,1,6,2,8,3,2,2,5,6,5,5,6,3,5,2,4,6,7,6,6,5,5,6,5,6,5,5
300,1,28,2,2,2,6,2,2,3,3,3,2,3,3,2,2,1,1,1,8,1,1,1,6,6,5,3,4,5,5,5,4,3,3,4,5,4,3,4,5,4,3,4
38,0,28,3,2,4,5,4,1,3,2,5,3,5,6,5,4,7,4,3,3,6,7,8,3,5,5,3,4,6,6,4,3,5,3,3,3,4,4,5,4,6,4,5
327,0,28,5,4,5,3,4,5,6,3,3,3,4,4,7,6,7,6,8,5,6,6,5,5,6,6,6,7,5,4,4,6,5,1,7,6,5,6,5,6,5,6,6
367,0,28,3,6,5,5,5,6,6,5,4,4,3,4,7,7,8,3,3,4,5,6,7,3,5,3,2,2,2,1,2,2,1,2,3,3,1,2,1,2,1,1,1
376,0,28,5,5,5,5,3,4,5,5,3,5,3,6,6,4,4,6,4,5,6,4,6,6,4,5,5,4,5,3,5,6,4,6,4,4,5,3,5,3,3,5,4
372,0,28,5,3,5,3,4,2,3,4,3,4,3,4,2,4,2,4,3,5,3,4,3,5,3,5,4,7,4,5,4,4,4,1,2,3,2,3,4,3,4,3,3
377,0,28,1,5,1,4,1,1,1,5,7,1,4,5,1,1,1,9,2,6,1,1,1,5,6,4,7,6,2,6,5,6,6,1,5,6,4,4,7,6,6,7,7
68,0,28,7,5,2,4,2,6,2,6,7,2,7,7,2,2,2,8,6,2,9,9,9,4,6,3,6,6,5,1,1,7,5,7,6,2,1,1,6,6,4,3,5
108,0,28,6,6,2,5,2,2,2,2,2,2,3,5,1,1,1,1,1,2,3,2,2,6,6,6,6,6,3,6,5,5,5,4,6,5,5,5,5,5,5,5,6
113,0,28,5,2,5,6,6,7,6,6,4,5,2,3,2,2,3,3,5,9,2,3,2,6,7,5,3,7,2,5,5,6,6,6,5,6,7,6,6,4,5,6,5
117,0,28,5,6,5,6,7,7,7,5,7,6,6,4,2,3,3,2,4,2,7,5,7,4,6,5,7,7,5,6,6,3,6,7,7,3,5,5,7,3,6,5,7
181,1,27,6,5,5,6,4,5,6,4,7,5,5,6,6,7,7,7,6,6,7,6,6,5,5,4,4,4,5,4,5,4,4,5,4,5,4,5,4,5,4,5,4
236,1,27,5,5,3,4,5,5,2,6,5,6,6,7,5,7,5,7,5,8,6,3,6,5,4,6,6,5,7,6,4,6,6,6,5,7,6,4,6,7,5,6,6
241,1,27,6,6,4,6,5,5,5,5,4,5,5,4,8,7,9,7,5,8,6,7,7,6,4,4,4,5,4,4,5,5,5,4,5,5,5,5,4,5,5,5,5
138,1,27,2,5,1,7,1,1,1,7,7,1,7,5,2,4,2,7,2,6,1,1,1,6,6,6,7,6,7,7,5,7,7,1,5,7,7,7,5,4,4,3,1
141,1,27,2,3,4,4,4,4,3,4,3,4,3,4,2,2,2,9,1,1,3,4,3,7,6,6,1,7,1,6,6,6,7,7,6,7,6,6,6,6,6,5,7
143,1,27,4,5,5,5,5,4,4,4,4,4,4,4,2,2,2,1,1,1,2,2,2,5,5,5,5,5,2,7,7,4,7,7,7,5,5,5,5,5,5,5,5
172,1,27,2,6,2,6,2,3,2,6,6,2,7,6,2,1,1,7,5,4,3,3,2,5,5,6,5,7,5,7,7,4,7,2,7,5,5,6,3,3,5,2,4
176,1,27,4,2,3,3,3,3,2,2,5,2,5,3,2,4,6,2,2,5,6,1,1,4,6,5,6,5,4,7,6,6,3,6,5,6,5,5,3,3,3,2,2
232,1,27,1,1,1,4,1,1,1,1,4,1,4,1,2,2,2,3,1,9,1,1,1,5,5,5,5,6,2,6,6,6,6,7,7,7,6,6,2,2,2,2,2
51,0,27,4,3,2,3,2,3,3,3,2,3,3,2,6,8,6,5,4,6,3,2,2,5,5,6,4,7,4,5,5,6,7,5,5,4,6,6,6,5,2,3,5
379,0,27,1,1,4,7,4,2,4,4,4,4,2,2,2,1,3,9,9,1,4,3,5,5,6,6,7,7,1,7,1,4,7,7,1,7,7,7,6,6,6,4,4
33,0,27,5,5,5,4,5,5,5,3,6,5,5,4,3,3,2,1,2,4,1,2,1,5,5,5,6,5,4,6,5,5,6,5,5,6,4,6,6,5,5,4,6
79,0,27,6,7,1,7,1,6,7,7,7,4,7,7,3,1,6,7,8,1,4,4,3,7,7,6,7,5,4,7,1,4,7,1,4,7,7,7,7,7,7,4,1
88,0,27,4,5,5,3,3,6,3,6,3,5,3,6,3,7,5,4,7,4,5,8,5,3,7,3,6,3,6,5,2,6,4,3,6,4,1,6,3,3,6,2,5
104,0,27,1,4,5,6,1,2,4,4,6,1,6,2,2,2,1,3,1,8,2,2,1,6,6,5,6,7,7,4,4,4,6,7,7,5,4,4,5,3,3,1,1
345,0,27,5,6,3,3,5,6,4,3,5,4,6,5,2,2,2,6,5,3,4, ,3,6,3,3,4,5,3,3,4,5,4,6,4,3,5,4,3,5,6,5,3
357,0,27,2,5,5,6,2,5,2,6,6,2,5,6,2,2,5,6,4,6,4,2,3,6,6,6,6,3,6,6,6,6,6,7,5,5,5,5,5,5,5,5,5
385,0,27,1,5,1,7,1,1,1,6,7,1,6,6,2,1,1,1,1,9,1,1,1,1,6,7,5,6,2,7,7,4,7,1,7,6,6,6,6,6,6,5,5
122,1,26,5,3,4,6,5,6,7,3,7,4,6,7,3,3,2,8,6,7,5,7,6,6,5,6,6,5,3,6,6,7,7,7,5,7,5,4,6,6,7,5,4
169,1,26,7,7,7,7,7,7,7,7,7,7,7,7,2,2,1,1,9,9,9,6,6,7,7,7,7,7,7,7,7,7,7,7,7,7,7,7,7,7,7,7,7
222,1,26,2,6,2,6,2,2,2,6,7,2,7,6,2,5,4,9,9,1,2,2,2,6,7,6,7,7,5,2,1,4,7,7,5,3,2,2,6,6,5,2,2
223,1,26,6,6,6,5,4,4,6,6,5,4,4,5,2,2,2,4,5,6,5,7,6,5,6,6,5,4,4,3,3,5,5,5,5,5,4,5,6,6,5,5,4
262,1,26,5,2,2,6,2,1,1,2,7,2,7,6,2,1,1,6,1,9,2,2,2,6,6,7,7,6,7,6,6,4,6,7,7,7,6,6,7,6,7,4,5
310,0,26,7,2,5,7,2,4,5,7,2,4,3,6,5,3,4,8,1,3,5,7,3,5,7,3,5,2,4,4,7,6,3,4,6,7,3,4,7,3,4,3,6
39,0,26,4,5,4,6,5,6,4,6,6,5,6,6,2,3,2,6,8,4,7,6,5,5,6,5,5,6,6,5,6,4,5,5,6,5,4,5,6,6,6,5,2
91,0,26,5,7,7,6,6,5,4,7,6,6,7,7,2,2,3,8,8,2,5,5,7,7,7,7,7,7,7,7,7,7,7,7,6,7,7,7,7,7,7,7,7
121,0,26,6,7,7,7,4,7,6,7,7,5,7,6,2,6,6,9,9,1,9,9,9,6,6,7,7,6,2,7,5,1,5,7,1,6,7,7,7,7,7,5,1
338,0,26,6,4,6,4,6,4,2,4,1,4,2,6,2,2,2,8,5,1,2,3,4,6,7,4,4,6,5,6,6,7,4,2,4,6,7,7,7,7,6,7,7
350,0,26,4,4,5,6,5,5,4,5,5,5,5,5,2,2,1,7,7,3,7,7,7,5,6,6,6,6,5,4,4,4,5,6,7,5,4,4,6,6,6,4,3
354,0,26,1,1,1,7,1,1,5,1,7,6,7,1,8,8,8,9,9,1,7,5,7,6,7,7,7,7,6,7,7,4,4,6,1,7,7,7,7,7,7,5,5
127,1,25,5,2,5,6,4,6,5,5,4,6,4,5,2,2,2,1,1,5,5,3,3,5,6,4,3,6,1,5,6,5,4,4,6,5,3,5,6,6,4,5,6
128,1,25,4,6,5,5,4,6,3,5,7,1,7,7,2,4,4,9,9,1,3,3,1,6,6,4,4,6,5,6,6,7,7,7,7,7,7,6, ,6,7,7,1
195,1,25,1,7,1,7,1,6,1,7,7,1,7,5,2,2,2,7,1,2,2,2,2,2,3,1,2,3,3,7,4,4,4,7,3,2,5,5,5,5,5,2,4
234,1,25,2,6,1,6,1,3,5,6,6,5,6,5,1,1,2,8,3,2,6,5,6,3,6,5,2,6,6,7,7,4,4,6,2,7,7,6,3,2,2,3,1
238,1,25,7,6,7,6,5,7,6,5,6,7,6,5,2,1,2,1,1,9,4,5,3,6,6,7,3,5,6,7,6,5,7,1,1,7,7,7,7,7,6,7,6
256,1,25,6,4,5,6,6,4,7,3,5,6,5,6,2,7,7,8,8,3,7,4,6,5,6,5,6,6,4,7,7,4,5,6,3,7,7,6,7,7,7,6,1
285,1,25,3,7,1,7,1,1,1,7,7,2,4,1,2,2,2,9,9,1,4,3,3,3,6,3,6,7,6,6,6,1,6,6,1,5,6,6,6,6,6,6,6
325,0,25,6,6,7,5,4,7,5,4,6,7,4,6,7,5,8,6,8,7,8,5,8,5,7,5,4,6,7,5,4,6,5,6,5,4,6,7,6,4,6,5,7
330,0,25,4,5,6,5,5,4,5,5,4,5,4,5,5,6,6,6,7,6,6,7,6,5,6,5,6,5,6,5,4,5,6,4,5,6,5,6,5,6,5,6,5
25,0,25,6,6,6,7,6,7,6,5,6,5,6,6,3,2,1,2,3,8,2,2,3,5,6,2,7,6,2,6,5,5,7,5,6,5,5,5,6,6,6,5,6
77,0,25,6,6,5,6,5,4,6,3,4,5,5,2,2,2,2,7,6,5,7,6,7,5,4,3,5,6,5,4,3,5,6,5,3,3,5,6,6,4,5,3,5
85,0,25,5,5,5,6,6,6,5,5,5,6,6,5,2,2,2,1,2,5,6,8,8,7,5,6,6,7,6,1,2,1,6,6,6,5,6,6,6,5,6,5,7
98,0,25,1,5,1,4,1,1,1,2,5,1,6,5,1,1,1,2,6,9,5,6,4,2,6,2,6,2,2,5,2,4,4,7,7,3,6,6,2,5,6,2,5
109,0,25,1,2,1,5,1,1,1,2,7,1,7,3,2,1,1,3,1,9,1,1,1,5,6,6,5,5,5,6,6,6,6,7,7,7,7,7,5,5,4,4,1
111,0,25,6,5,4,5,5,6,4,5,5,5,6,5,3,2,2,5,8,3,6,6,6,5,6,5,4,5,5,5,5,6,6,4,5,5,5,5,4,5,5,6,6
318,0,25,3,5,4,4,3,2,3,5,5,4,6,2,2,2,2,6,4,3,4,4,4,5,6,6,6,6,3,6,5,5,6,5,6,5,5,5,6,6,5,5,5
341,0,25,6,6,5,5,4,5,6,4,6,4,5,4,2,2,2,8,6,7,3,4,3,6,5,5,6,5,4,5,6,5,4,6,5,4,5,5,4,5,6,5,4
397,0,25,6,5,6,5,6,6,4,4,4,5,4,5,2,1,1,6,7,3,9,9,9,6,6,5,6,6,5,6,6,5,6,5,5,5,6,5,6,5,5,6,5
123,1,24,6,4,5,3,4,5,3,5,6,4,2,4,6,4,2,3,4,6,8,4,5,6,4,3,4,5,6,5,3,4,5,6,5,3,4,5,4,6,5,3,4
132,1,24,7,4,5,5,4,4,4,4,5,4,5,5,8,6,6,7,5,5,8,7,6,6,6,5,4,6,5,6,4,6,7,5,7,7,5,6,6,6,5,7,5
269,1,24,1,5,5,6,4,4,5,3,4,5,4,5,2,2,2,7,7,4,5,6,4,5,5,5,5,6,5,4,5,6,4,5,4,5,3,4,5,5,4,5,4
277,1,24,3,3,4,3,2,4,3,2,4,3,3,4,2,1,3,5,3,4,5,3,2,3,4,2,4,3,2,3,5,3,3,3,2,5,2,3,3,2,4,3,2
27,0,24,5,6,2,7,2,6,5,6,7,5,6,5,4,3,5,8,8,2,7,6,6,5,7,6,7,5,3,7,5,4,7,2,3,5,6,6,7,6,7,7,2
363,0,24,5,3,2,5,3,5,1,5,2,6,3,5,6,4,7,6,2,6,6,3,6,5,2,6,3,5,3,5,2,5,2,5,2,5,2,5,3,6,4,6,2
50,0,23,5,5,5,3,5,5,5,5,4,4,5,5,4,6,7,6,5,5,6,7,6,5,5,6,3,6,5,5,5,5,3,3,6,5,4,4,5,5,4,4,5
31,0,22,3,3,3,6,3,2,5,4,2,6, ,5,4,6,5,4,6,8,4,9,5,5,3,4,6,5,2,3,6,5,4,3,4,4,2,4,5,6,5,4,3
57,0,22,2,5,5,6,2,2,6,5,5,2,6,3,1,3,3,9,2,4,7,6,4,5,6,6,6,5,3,5,3,4,4,7,6,3,5,3,3,3,3,2,1
174,1,21, , , , , , , , , , , , ,3,3,4,9,9,1,2,2,3,3,5,2,2,6,5,1,3,4,7,6,2,3,3,2,5,6,6,1,4
388,0,21,1,6,4,7,5,7,5,7,7,6,7,1,2,1,1,5,5,8,8,5,8,7,4,5,3,6,4,5,6,2,7,3,6,3,7,7,7,2,5,4,6
218,1,19, , , , , , , , , , , , ,1,1,1,1,1,5,1,1,1,4,1,1,1,1,6,5,1,4,4,1,1,1,1,1,1,1,1,1,3
